INSERT INTO clientes (nombre, correo, telefono, estado) VALUES
('Ivanna Paternina', 'ivanna.paternina@gamil.com', '3001172233', 'activo'),
('Juliana Pallares', 'july.pallares@gmail.com', '3012223344', 'activo'),
('Diego Ramirez', 'diego.ramirez@gmail.com', '3023334455', 'inactivo'),
('Mayi Torres', 'mayi.torres@gmail.com', '3034745566', 'activo'),
('Viviana Hernández', 'vivi.hernandez@gmail.com', '3045586677', 'activo'),
('Paula Montes', 'paula.montes@gmail.com', '3056637788', 'activo'),
('Diego López', 'diego.lopez@gmail.com', '3067778899', 'inactivo'),
('Lester Castro', 'lester.castro@gmail.com', '3079889900', 'activo'),
('Sofía Martínez', 'sofia.martinez@gmail.com', '3089990011', 'activo'),
('Edgar Díaz', 'Edgar.diaz@gmail.com', '3090001122', 'activo'),
('Narciso Reyes', 'narso.reyes@gmail.com', '3106112233', 'activo'),
('Elsi Vargas', 'elsi.vargas@gmail.com', '3112223344', 'activo'),
('Valentina Garcia', 'valentina.Garcia@gmail.com', '3123374455', 'activo'),
('Julián Muñoz', 'julian.munoz@gmail.com', '3134445566', 'inactivo'),
('Miguel Morales', 'miguel.morales@gmail.com', '3145536677', 'activo'),
('Mauro Muñoz', 'mauro.munoz@gmail.com', '3124445566', 'inactivo');

INSERT INTO proveedores (nombre) VALUES
('Corozo'),
('LG'),
('Guaranda'),
('Coloso'),
('Poncho'),
('Peto'),
('Mote'),
('Majagual'),
('Guacari'),
('Samurai'),
('Comodisimo'),
('Benito'),
('Chepacorina'),
('Diabolin'),
('Sampao');

INSERT INTO productos (nombre, categoria, precio, stock, proveedor_id) VALUES
('Laptop Lenovo', 'Tecnología', 2900.00, 4, 1),
('Celular Samsung', 'Tecnología', 1800.00, 3, 2),
('Impresora HP', 'Tecnología', 900.00, 2, 3),
('Mouse Logitech', 'Accesorios', 80.00, 100, 4),
('Teclado Redragon', 'Accesorios', 120.00, 50, 5),
('Monitor LG', 'Tecnología', 1100.00, 30, 6),
('Escritorio O ce', 'Muebles', 700.00, 25, 7),
('Silla Gamer', 'Muebles', 600.00, 40, 8),
('Cámara Canon', 'Tecnología', 2200.00, 1, 9),
('Audífonos Sony', 'Accesorios', 350.00, 60, 10),
('Cargador Universal', 'Accesorios', 50.00, 200, 11),
('Disco Duro Seagate', 'Tecnología', 400.00, 80, 12),
('Memoria USB Kingston', 'Accesorios', 30.00, 300, 13),
('Tablet iPad', 'Tecnología', 1500.00, 18, 14),
('Smartwatch Huawei', 'Tecnología', 900.00, 22, 15);

INSERT INTO ventas (cliente_id, fecha) VALUES
(1, NOW() - INTERVAL '16 days'),
(2, NOW() - INTERVAL '4 days'),
(3, NOW() - INTERVAL '14 days'),
(4, NOW() - INTERVAL '12 days'),
(5, NOW() - INTERVAL '25 days'),
(6, NOW() - INTERVAL '8 days'),
(7, NOW() - INTERVAL '9 days'),
(8, NOW() - INTERVAL '5 days'),
(9, NOW() - INTERVAL '7 days'),
(10, NOW() - INTERVAL '6 days'),
(8, NOW() - INTERVAL '19 days'),
(8, NOW() - INTERVAL '29 days'),
(11, NOW() - INTERVAL '5 days'),
(12, NOW() - INTERVAL '26 days'),
(13, NOW() - INTERVAL '3 days'),
(14, NOW() - INTERVAL '2 days'),
(15, NOW() - INTERVAL '1 days'),
(16, NOW() - INTERVAL '360 days');

INSERT INTO ventas_detalle (venta_id, producto_id, cantidad, precio_unitario) VALUES
(1, 1, 1, 2900.00),
(2, 2, 2, 1800.00),
(3, 3, 1, 900.00),
(4, 4, 3, 80.00),
(5, 5, 2, 120.00),
(6, 6, 1, 1100.00),
(7, 7, 1, 700.00),
(8, 8, 2, 600.00),
(9, 9, 1, 2200.00),
(10, 10, 2, 350.00),
(11, 11, 5, 50.00),
(12, 12, 3, 400.00),
(13, 13, 10, 30.00),
(14, 14, 1, 1500.00),
(15, 15, 2, 900.00);

INSERT INTO historial_precios (producto_id, precio_anterior, precio_nuevo, cambiado_en)
VALUES
(1, 2400.00, 2500.00, NOW() - INTERVAL '30 days'),
(2, 1700.00, 1800.00, NOW() - INTERVAL '25 days'),
(3, 850.00, 900.00, NOW() - INTERVAL '20 days'),
(4, 75.00, 80.00, NOW() - INTERVAL '15 days'),
(5, 100.00, 120.00, NOW() - INTERVAL '10 days'),
(6, 1050.00, 1100.00, NOW() - INTERVAL '8 days'),
(7, 650.00, 700.00, NOW() - INTERVAL '7 days'),
(8, 550.00, 600.00, NOW() - INTERVAL '6 days'),
(9, 2100.00, 2200.00, NOW() - INTERVAL '5 days'),
(10, 300.00, 350.00, NOW() - INTERVAL '4 days'),
(11, 45.00, 50.00, NOW() - INTERVAL '3 days'),
(12, 380.00, 400.00, NOW() - INTERVAL '2 days'),
(13, 25.00, 30.00, NOW() - INTERVAL '1 days'),
(14, 1400.00, 1500.00, NOW()),
(15, 850.00, 900.00, NOW());

INSERT INTO auditoria_ventas (venta_id, usuario, registrado_en) VALUES
(1, 'admin', NOW() - INTERVAL '14 days'),
(2, 'system', NOW() - INTERVAL '13 days'),
(3, 'admin', NOW() - INTERVAL '12 days'),
(4, 'system', NOW() - INTERVAL '11 days'),
(5, 'jlopez', NOW() - INTERVAL '10 days'),
(6, 'mcastro', NOW() - INTERVAL '9 days'),
(7, 'admin', NOW() - INTERVAL '8 days'),
(8, 'system', NOW() - INTERVAL '7 days'),
(9, 'jrojas', NOW() - INTERVAL '6 days'),
(10, 'admin', NOW() - INTERVAL '5 days'),
(11, 'system', NOW() - INTERVAL '4 days'),
(12, 'admin', NOW() - INTERVAL '3 days'),
(13, 'system', NOW() - INTERVAL '2 days'),
(14, 'admin', NOW() - INTERVAL '1 days'),
(15, 'system', NOW());

INSERT INTO alertas_stock (producto_id, nombre_producto, mensaje, generado_en) VALUES
(1, 'Laptop Lenovo', 'Stock bajo: quedan 2 unidades', NOW() - INTERVAL '10 days'),
(2, 'Celular Samsung', 'Stock bajo: quedan 3 unidades', NOW() - INTERVAL '9 days'),
(3, 'Impresora HP', 'Stock bajo: quedan 1 unidades', NOW() - INTERVAL '8 days'),
(4, 'Mouse Logitech', 'Stock bajo: quedan 5 unidades', NOW() - INTERVAL '7 days'),
(5, 'Teclado Redragon', 'Stock bajo: quedan 4 unidades', NOW() - INTERVAL '6 days'),
(6, 'Monitor LG', 'Stock bajo: quedan 2 unidades', NOW() - INTERVAL '5 days'),
(7, 'Escritorio O ce', 'Stock bajo: quedan 3 unidades', NOW() - INTERVAL '4 days'),
(8, 'Silla Gamer', 'Stock bajo: quedan 1 unidades', NOW() - INTERVAL '3 days'),
(9, 'Cámara Canon', 'Stock bajo: quedan 2 unidades', NOW() - INTERVAL '2 days'),
(10, 'Audífonos Sony', 'Stock bajo: quedan 3 unidades', NOW() - INTERVAL '1 days'),
(11, 'Cargador Universal', 'Stock bajo: quedan 5 unidades', NOW()),
(12, 'Disco Duro Seagate', 'Stock bajo: quedan 6 unidades', NOW()),
(13, 'Memoria USB Kingston', 'Stock bajo: quedan 8 unidades', NOW()),
(14, 'Tablet iPad', 'Stock bajo: quedan 2 unidades', NOW()),
(15, 'Smartwatch Huawei', 'Stock bajo: quedan 1 unidades', NOW());